source,repo,category,date,author,title,url,matched_keywords,body_snippet
github_discussions,noir-lang/noir,Q&A,2026-03-31,aletheiamanifesto-pixel,Best practices for conditional ZK proof verification in Solidity (threshold-based),https://github.com/orgs/noir-lang/discussions/12063,is there a; keccak; plonk,"Hi 👋  I'm working on a system where ZK proofs generated by Noir circuits are verified on-chain, but only when a transaction exceeds a certain threshold (think regulatory compliance — above X amount, a proof is required; below, it's not).  The current approach:  if (amount >= THRESHOLD && address(ver"
github_discussions,noir-lang/noir,Q&A,2026-01-13,fahim-zk,Onchain verification ProofLength Error,https://github.com/orgs/noir-lang/discussions/11183,keccak; ultrahonk; verifier.sol,"Guys someone to help here....AI seems to get nothing here!    i wrote Noir circuit that is being called from Typesrcipt file using Foundry cheatcode ffi....in the script, i load the circuit path, load Noir....load the bb, load the honk backend, then pass inputs...then finally use ethers to abi.encod"
github_discussions,noir-lang/noir,Ideas,2025-10-19,stawuah,NoirZeppelin - OpenZeppelin-Style Privacy Library for Noir,https://github.com/orgs/noir-lang/discussions/10234,looking for; library for; existing implementation; rsa; poseidon; bn254; merkle proof; range proof; nullifier; commitment,"### Problem  NoirZeppelin is a comprehensive, production-ready privacy library for the Noir programming language that ports battle-tested OpenZeppelin contract patterns into zero-knowledge circuits. This library enables developers to build privacy-preserving applications for both Web2 and Web3 envir"
github_discussions,noir-lang/noir,Show and tell,2025-10-13,sanjay-sol,ASN.1 Noir Parser — Parsing X.509 & DER Structures in Noir,https://github.com/orgs/noir-lang/discussions/10174,rsa; sha256,# ASN.1 Noir Parser    👉  You can find complete implementation details here - **[Github Repository](https://github.com/crema-labs/asn1-noir)**    A fully functional **ASN.1 parser** written in **Noir** for use in zero-knowledge circuits. This parser decodes **DER-encoded binary structures** such as 
github_discussions,noir-lang/noir,Show and tell,2025-09-24,wakeuplabs,Noir circuits are now verifiable on Arbitrum Stylus – WakeUp Labs,https://github.com/orgs/noir-lang/discussions/9988,ultrahonk,"### Summary  To close out the project we kicked off in this [discussion](https://github.com/orgs/noir-lang/discussions/8673), we wanted to share what we built, some of the key takeaways, and the most relevant links.    We adapted the UltraHonk verifier to run in Stylus’ WASM environment, built a ded"
github_discussions,noir-lang/noir,Q&A,2025-06-06,70nyIT,keccak256 alternatives,https://github.com/orgs/noir-lang/discussions/8815,keccak; deprecated,I need to verify the merkle root hash within a circuit. That hash is also onChain and it's one of the public inputs to my circuit. I've seen that keccak256 hash function has been deprecated. What do you suggest to write a circuit that needs to verify that from a leaf (private input) we get up to the
github_discussions,noir-lang/noir,Q&A,2025-06-05,70nyIT,multiple `std::ecdsa_secp256k1::verify_signature` in circuit fail,https://github.com/orgs/noir-lang/discussions/8813,ecdsa; secp256k1; keccak,"I've a scenario where a series of keys are passed to the circuit (up to 20 ideally) and a loop verifies them all with `std::ecdsa_secp256k1::verify_signature`    I've noticed that if I have nore than 2 `std::ecdsa_secp256k1::verify_signature`, the circuit compiles, but when it comes to `bb prove` it"
github_discussions,noir-lang/noir,[NRG#4] Developer Tools,2025-06-05,Savio-Sou,Announcing NRG#4 Selected Proposals,https://github.com/orgs/noir-lang/discussions/8811,bn254; ultrahonk; commitment,"## Overview    The 4th installment of the Noir Research Grants sets out to challenge the status quo of developing with Zero-Knowledge Proofs, seeding support for grassroot Noir developer tool projects to unlock intuitive access to performant cryptographic privacy for developers.    [Arbitrum Foundat"
github_discussions,noir-lang/noir,[NRG#4] Developer Tools,2025-05-25,sidthakidd,Rust CLI Benchmark for Noir Witness Generation,https://github.com/orgs/noir-lang/discussions/8683,bignum,"### Summary  We propose WBench, a Rust-based CLI tool for systematically benchmarking witness generation in Noir circuits. WBench will repeatedly execute Noir programs on given inputs and record timing data, reporting metrics (mean, median, p95, p99, etc.) in structured JSON and human-readable forma"
github_discussions,noir-lang/noir,[NRG#4] Developer Tools,2025-05-24,Chomtana,Turbo Noir ZK gaming framework,https://github.com/orgs/noir-lang/discussions/8682,groth16; recursive proof; on-chain verification,"## Summary    **Turbo Noir** is a framework that lets you add Zero-Knowledge (ZK) proofs to your games or apps — or build new ZK games from scratch — without knowing any cryptography. Just write your game rules once using a simple **action → reducer** style, and the framework takes care of all the p"
github_discussions,noir-lang/noir,[NRG#4] Developer Tools,2025-05-24,symulacr,noir circuit profiler: experimental analysis framework,https://github.com/orgs/noir-lang/discussions/8681,ecdsa; keccak; sha256; plonk; halo2,"## So what?    i am building the noir circuit profiler, an experimental library and command-line tool that performs some static and dynamic analysis of noir circuits at the acir level to predict constraint costs and identify optimization opportunities. by decomposing acir opcodes into their constitu"
github_discussions,noir-lang/noir,[NRG#4] Developer Tools,2025-05-24,Akshola00,Proposal: Noir Dev Snippets VS Code Extension,https://github.com/orgs/noir-lang/discussions/8680,,"This proposal outlines the development of a VS Code extension designed to significantly enhance the developer experience for Noir programmers. Inspired by popular code snippet extensions in other ecosystems (e.g., ""rafce"" in React), this tool will provide a suite of pre-defined code snippets and int"
github_discussions,noir-lang/noir,[NRG#4] Developer Tools,2025-05-23,symulacr,Noir ZK Lab Notebook,https://github.com/orgs/noir-lang/discussions/8679,plonk,"### SUMMARY    The Noir ZK Lab Notebook will be an open-source dev box that transforms how developers experiment with, test, and share ZK circuits in Noir. Inspired by Jupyter notebooks, this tool provides a secure sandbox where devs can write Noir code, visualise circuit behaviour, test across mult"
github_discussions,noir-lang/noir,[NRG#4] Developer Tools,2025-05-23,ike10,Prism: Real-Time State Synchronization Platform for Multi-Party Zero-Knowledge Applications,https://github.com/orgs/noir-lang/discussions/8678,rsa; bn254; commitment; instead of,# Prism: Real-Time State Synchronization for Multi-Party ZK Applications    ## Title  **Prism: Real-Time State Synchronization Platform for Multi-Party Zero-Knowledge Applications**    ## Summary  Zero-knowledge applications today are fundamentally single-player experiences. While developers can bui
github_discussions,noir-lang/noir,[NRG#4] Developer Tools,2025-05-23,wakeuplabs,Arbitrum Stylus Verifier | WakeUp Labs,https://github.com/orgs/noir-lang/discussions/8673,library for; rsa; bn254; ultrahonk; commitment,## Arbitrum Stylus verifier    ### Summary    Our project aims to develop a Stylus-compatible UltraHonk verifier that bridges the current gap between Noir's zero-knowledge capabilities and Arbitrum Stylus. We'll be refactoring Taceo Labs's rust implementation [link](https://github.com/TaceoLabs/co-s
github_discussions,noir-lang/noir,[NRG#4] Developer Tools,2025-05-23,duarteoctavio,Numerical types and a general framework for them.,https://github.com/orgs/noir-lang/discussions/8661,existing implementation,"## Title      	**General Framework for Numerical Types, implementation and operations**      ## Summary    	Noir has opened a huge trove of possible applications, between which many required advanced mathematical centric algorithms, such as statistical modelling and testing, model training, etc.    "
github_discussions,noir-lang/noir,[NRG#4] Developer Tools,2025-05-23,Sixela33,Private coordinates in a public world - ZK-location SDK,https://github.com/orgs/noir-lang/discussions/8657,poseidon; elgamal; commitment,"# ZK-location  ## Summary  ZK-Location is a privacy-preserving primitive that enables users to prove their physical location within specific geographic regions without revealing their exact coordinates. This technology combines GNSS data, hierarchical geospatial indexing (H3), distance approximation"
github_discussions,noir-lang/noir,[NRG#4] Developer Tools,2025-05-23,LuchoLeonel,Modular Identity SDK,https://github.com/orgs/noir-lang/discussions/8656,eddsa; poseidon; bn254,"<img src=""https://zk-access.xyz/logo-white.png"" alt=""ZK-Access Logo"" width=""300""/>      # Modular Identity SDK: Reusable Claims from ZK Proofs    ## Summary  ZK-Access aims to develop an SDK that transforms isolated zk proofs into composable, persistent identity claims. Developers will be able to st"
github_discussions,noir-lang/noir,[NRG#4] Developer Tools,2025-05-22,sebastianlujan,Interstellar: Full ZK Pipeline for Noir + Soroban Using BLS12-381 - Ratherlabs,https://github.com/orgs/noir-lang/discussions/8654,bls; poseidon; pedersen; bn254; bls12-381; plonk; groth16; recursive proof; on-chain verification; instead of,### Interstellar: BLS12-381 Proof Integration for Stellar - Ratherlabs    # Summary    **Interstellar** is a proposal to build a critical bridge between the Noir programming language and the Stellar network. We will develop a new proving backend for Noir that utilizes the BLS12-381 elliptic curve. T
github_discussions,noir-lang/noir,[NRG#4] Developer Tools,2025-05-22,yann300,Simplifying ZKPs with Noir via Remix IDE,https://github.com/orgs/noir-lang/discussions/8644,looking for,"## Title  Simplifying ZKPs with Noir via Remix IDE    ## Summary  We propose to develop a full-featured Remix IDE plugin that provides a comprehensive online Noir ZKP development cycle. This solution will eliminate the need for complex local setup, and provide an intuitive, web-based development exp"
github_discussions,noir-lang/noir,[NRG#4] Developer Tools,2025-05-22,mverzilli,Silhouette: Noir ZK scaffolding for busy developers,https://github.com/orgs/noir-lang/discussions/8641,private voting,"# Summary    Silhouette is an open-source toolset that radically simplifies the process of creating apps that rely on zero-knowledge workflows. How does it work?    1. Developers specify data-types in a high level schema language (TBD exactly which one, for example we could use Zod or io-ts), includ"
github_discussions,noir-lang/noir,[NRG#4] Developer Tools,2025-05-22,gip,Production-Ready ZK At the Edge,https://github.com/orgs/noir-lang/discussions/8639,library for,"# Title  DarkEdge: Production-Ready Zero-Knowledge At the Edge    # Summary    We propose to build *DarkEdge* (name subject to change), a plug-and-play toolkit for integrating zero-knowledge (ZK) proofs into mobile and edge applications. It includes pre-built, reusable ZK circuits and the infrastruc"
github_discussions,noir-lang/noir,[NRG#4] Developer Tools,2025-05-22,JulesWi,ZK-IoT Bridge: Native Noir SDK for Privacy-Preserving Internet of Things,https://github.com/orgs/noir-lang/discussions/8630,,"## Summary  The Internet of Things generates 2.5 quintillion bytes of data daily, yet this data remains largely untapped in the zero-knowledge ecosystem due to lack of appropriate tools. ZK-IoT Bridge will be the first SDK developed natively in Noir enabling developers to seamlessly transform IoT da"
github_discussions,noir-lang/noir,[NRG#4] Developer Tools,2025-05-22,yoyoismee,NECSS: A Framework for Private Applications (Phase 1),https://github.com/orgs/noir-lang/discussions/8623,ecdsa; nullifier; on-chain verification,"# **NECSS: A Framework for Private Applications (Phase 1\)**    ## **Summary**    NECSS (pronounced ""nexus"") or ""Noir Entity Component System and Secret"" is a comprehensive framework designed to accelerate the development of private applications using zero-knowledge proofs. By providing templates, c"
github_discussions,noir-lang/noir,[NRG#4] Developer Tools,2025-05-22,qpzm,Arbitrum Stylus UltraHonk verifier,https://github.com/orgs/noir-lang/discussions/8622,bn254; ultrahonk,## Summary    We aim to bring Aztec's UltraHonk verifier to the Arbitrum stylus by:    1. Implementing a interface for precompiled BN254 EC curves.  2. Reviewing [TaceoLabs' Rust implementation](https://github.com/TaceoLabs/co-snarks/tree/main/co-noir/ultrahonk) of UltraHonk by comparing it to the r
github_discussions,noir-lang/noir,[NRG#4] Developer Tools,2025-05-21,clarus,Compiler from Solidity to Unconstrained Noir,https://github.com/orgs/noir-lang/discussions/8614,,"This is a proposal we are not sure about, as it would allow compiling Solidity code to Noir using the ""unconstrained"" option, which is unsuitable for circuit generation. We are happy to hear what you think about it.    ## Motivation    We want to enable other teams, or ourselves, to port existing So"
github_discussions,noir-lang/noir,[NRG#4] Developer Tools,2025-05-21,clarus,Formally Verified Stellar Verifier,https://github.com/orgs/noir-lang/discussions/8612,bn254,"For this proposal, we will apply the same strategy as in our proposal [Formally Verified Arbitrum Stylus Verifier](https://github.com/orgs/noir-lang/discussions/8609). In addition to implementing the bn254 curve operations, we will use the [Sylow](https://github.com/warlock-labs/sylow) Rust library,"
github_discussions,noir-lang/noir,[NRG#4] Developer Tools,2025-05-21,clarus,Formally Verified Arbitrum Stylus Verifier,https://github.com/orgs/noir-lang/discussions/8609,u256,We propose a translation of the Solidity smart contract for the Noir verifier in Rust in a way that is 100% safe and maintainable. For what we will:    - Keep a Rust representation of the contract that follows the structure of the Solidity code.  - Formally verify that the two are equivalent for any
github_discussions,noir-lang/noir,[NRG#4] Developer Tools,2025-05-21,Soulthym,Malicious Witness generation,https://github.com/orgs/noir-lang/discussions/8602,,"## Summary    This proposal aims at improving Noir's existing tooling, as well as testing for edge-cases in Aztec's barretenberg various prover/verifier backend implementation.    The goal is two-fold:    1) explore ways to exploit Aztec’s prover/verifier schemes:       1) using known techniques    "
github_discussions,noir-lang/noir,[NRG#4] Developer Tools,2025-05-21,clarus,Noir to Rust compiler,https://github.com/orgs/noir-lang/discussions/8596,,"We propose a tool to translate Noir programs to Rust, generating a readable output in Rust, with the same behavior as the original Noir program. It will simplify testing/analyzing Noir programs by reusing the existing Rust tools. In addition, we hope it helps people migrating to Noir on Rust-based c"
github_discussions,noir-lang/noir,[NRG#4] Developer Tools,2025-05-21,KyoungWan,Main Track Proposal: Noir WebProof SDK,https://github.com/orgs/noir-lang/discussions/8595,recursive proof; kyc,"# Main Track Proposal: Noir WebProof SDK  ### Summary  This project aims to build the WebProof SDK, a developer toolkit that enables Noir developers to verify Web2-based data using Zero-Knowledge proofs, specifically through zkTLS.    The project will deliver:  - A zkTLS verification flow implemente"
github_discussions,noir-lang/noir,[NRG#4] Developer Tools,2025-05-20,Mikerah,Noir Circuit Optimizer: Constraint Reduction Tooling for Efficient Proof Generation,https://github.com/orgs/noir-lang/discussions/8590,plonk; ultrahonk,"## Summary    We propose developing a Circuit Optimizer for Noir, directly addressing developer pain points related to excessive circuit sizes and proving inefficiencies. The optimizer will apply foundational optimizations (constant folding, dead code elimination, sub-expression elimination) and adv"
github_discussions,noir-lang/noir,[NRG#4] Developer Tools,2025-05-19,Alex-distributed-lab,Bitcoin SPV Prover SDK,https://github.com/orgs/noir-lang/discussions/8570,library for; secp256k1; sha256; recursive proof,"This proposal outlines the development of a Bitcoin Simplified Payment Verification (SPV) prover implemented in the Noir language. This tool will enable developers to generate sophisticated proofs concerning the Bitcoin blockchain, with the long-term objective of establishing comprehensive Bitcoin-t"
github_discussions,noir-lang/noir,[NRG#4] Developer Tools,2025-05-18,qpzm,Stellar Soroban UltraHonk verifier,https://github.com/orgs/noir-lang/discussions/8560,existing implementation; bls; poseidon; bn254; bls12-381; grumpkin; kzg; plonk; groth16; ultrahonk; commitment; verifier.sol; instead of; difference between,## Summary    We aim to bring Aztec's UltraHonk verifier to the Stellar ecosystem by:  1. Reviewing the [TaceoLabs' rust implementation](https://github.com/TaceoLabs/co-snarks/tree/main/co-noir/ultrahonk) of UltraHonk by comparing with the paper and other implementations in C++ and solidity.  2. Dev
github_discussions,noir-lang/noir,[NRG#4] Developer Tools,2025-05-17,0xandee,"Noirlings.app: Web-Based Interactive Playground for Learning Noir, Fast ⚡️",https://github.com/orgs/noir-lang/discussions/8559,groth16,"## Summary    **Noirlings.app** is an **open-source, web-based interactive tutorial platform** for the Noir programming language. It builds on the existing Noirlings CLI (inspired by Rust's Rustlings and Starknet's Starklings App) to provide interactive Noir coding exercises directly in the browser,"
github_discussions,noir-lang/noir,[NRG#4] Developer Tools,2025-05-16,Alex-distributed-lab,ACIR to R1CS transpiler. ACVM Backend Gnark.,https://github.com/orgs/noir-lang/discussions/8547,bn254; groth16,# ACIR to R1CS transpiler. ACVM Backend Gnark.    ## Summary  We propose implementing a CLI utility that may serve as either a standalone binary for solely the purposes of R1CS formation or a full-fledged ACVM backend with the Gnark library in the role of engine.    ## Motivation  Given Noir’s statu
github_discussions,noir-lang/noir,[NRG#4] Developer Tools,2025-05-16,morgueye4,Mobile Collaborative Snarks  Ad‑Hoc Layer,https://github.com/orgs/noir-lang/discussions/8542,,## Summary  _This is a follow‑on to [Proposal 1 : Mobile Collaborative Snark SDK](https://github.com/orgs/noir-lang/discussions/8541)._   We will extend Mobile Collaborative Snark SDK primitives with a modular **Ad‑Hoc Layer** supporting two modes of orchestration:    1. **Peer-to-Peer via libp2p**:
github_discussions,noir-lang/noir,[NRG#4] Developer Tools,2025-05-16,morgueye4,Mobile Collaborative Snark SDK,https://github.com/orgs/noir-lang/discussions/8541,,"## Summary    This proposal extends Taceo’s existing [coNoir](https://docs.taceo.io/docs/co-noir/) Rust SDK to mobile platforms, enabling secure multi-party witness splitting and collaborative SNARK proof generation directly on iOS and Android. We will build Kotlin and Swift bindings for the coNoir "
github_discussions,noir-lang/noir,[NRG#4] Developer Tools,2025-05-16,sebastianlujan,WIP Needs for speed: Adding an efficient UltraHonk Verifier for Stellar Soroban contract and ZK missing primitives,https://github.com/orgs/noir-lang/discussions/8540,ultrahonk,"This proposal is closed, ignore it."
github_discussions,noir-lang/noir,[NRG#4] Developer Tools,2025-05-15,achab,SDK for data provenance and zkKYC,https://github.com/orgs/noir-lang/discussions/8524,is there a; recursive proof; kyc,"# Summary  We want to create and open-source an SDK built on top of Noir and NoirJS to prove and verify the provenance of data exchanged over the Internet. This SDK relies on zkTLS infrastructures, and will first leverage [Tisura](https://x.com/tisura_labs) data infrastructure whose circuits are bui"
github_discussions,noir-lang/noir,[NRG#4] Developer Tools,2025-05-14,yugocabrio,🛰️ UltraHonk Verifier for Soroban: Arkworks-Based Rapid Prototyping & BN254 Precompile Integration,https://github.com/orgs/noir-lang/discussions/8509,rsa; bls; bn254; bls12-381; u256; ultrahonk; on-chain verification,"## 🛰️ UltraHonk Verifier for Soroban: Arkworks-Based Rapid Prototyping & BN254 Precompile Integration    This proposal reflects our initial plan, and we welcome feedback or suggestions to align it better with community needs.    ### 🔄 Changelog    * **May 14, 2025** – Initial version submitted. As w"
github_discussions,noir-lang/noir,[NRG#4] Developer Tools,2025-05-14,0xKarl98,Visual Circuit Editor for Noir: A Graphical Interface for ZKP Development,https://github.com/orgs/noir-lang/discussions/8500,,"# Summary   This proposal aims to develop a visual circuit editor for Noir that bridges the gap between graphical programming and zero-knowledge proof development. The tool will provide both high-level circuit design capabilities and low-level ACIR visualization, enabling developers to design, optim"
github_discussions,noir-lang/noir,[NRG#4] Developer Tools,2025-05-14,satyambnsal,Create-Noir-App,https://github.com/orgs/noir-lang/discussions/8499,ultrahonk,"### Summary    Following the successful model of tools like create-react-app, hardhat, and foundry, create-noir-app will accelerate noir app development by allowing developers to focus on core business logic for their product rather than trapped into project configuration, dependency management, mak"
github_discussions,noir-lang/noir,[NRG#4] Developer Tools,2025-05-11,satyambnsal,Noirlings: Interactive Rust-based CLI for Noir,https://github.com/orgs/noir-lang/discussions/8443,,## Summary  Noirlings is an interactive rust based CLI tool that teaches Noir programming through hands-on exercises. It helps developers learn Noir's syntax and concepts for ZK applications with real-time feedback and hints. I've already released an MVP that's been well-received by Noir community. 
github_discussions,noir-lang/noir,[NRG#4] Developer Tools,2025-05-08,y-pakorn,Noir Online,https://github.com/orgs/noir-lang/discussions/8411,ecdsa; plonk; ultrahonk,"# Noir Online: A Comprehensive Web IDE for Noir Development    ## Summary    Noir Online is a fully open-source, web-based Integrated Development Environment (IDE) designed to streamline Noir programming for zero-knowledge proofs. Unlike basic playgrounds, it offers a complete ecosystem with circuit"
github_discussions,noir-lang/noir,[NRG#4] Developer Tools,2025-05-07,numtel,noirkit integration testing NPM package,https://github.com/orgs/noir-lang/discussions/8400,library for,"# Title    noirkit: integration testing framework    # Summary        > A high-level summary of your proposal (≤200 words)    A javascript/typescript library for writing integration tests of Noir circuits.    # Motivation    > Describe the problem your proposal sets out to address, supported with re"
github_discussions,noir-lang/noir,[NRG#4] Developer Tools,2025-05-06,yugocabrio,🖊️ UltraHonk Verifier for Arbitrum Stylus,https://github.com/orgs/noir-lang/discussions/8367,bn254; plonk; ultrahonk; on-chain verification,"# UltraHonk Verifier for Arbitrum Stylus: Enabling Efficient On-Chain Verification of Noir Proofs    We welcome feedback from the community to ensure it aligns with ecosystem needs.    ### ♻️ Changelog  - May 6, 2025 – Initial version submitted, outlining the core idea: porting **UltraHonk verifier*"
github_discussions,noir-lang/noir,[NRG#4] Developer Tools,2025-05-06,wadesonghang,【Proposal and Grant Application from Sparsity】Privacy-Preserving Poker and dApps on Noir and Sparsity,https://github.com/orgs/noir-lang/discussions/8359,,"**Summary**  We propose a fully decentralized, privacy-preserving poker game built on the Aztec network, leveraging Noir and Multi-Party Computation (MPC), and deployed through Sparsity’s high-performance ZK infrastructure. Our goal is to create a verifiable and private on-chain poker experience tha"
github_discussions,noir-lang/noir,[NRG#4] Developer Tools,2025-05-05,numtel,Circuitscan.org Noir Code Inspector for on chain verifiers,https://github.com/orgs/noir-lang/discussions/8358,recursive proof,![Circuitscan logo](https://github.com/circuitscan/circuitscan/blob/main/public/android-chrome-192x192.png?raw=true)    ## Summary    Circuitscan provides the same safety guarantees to circuit verifier contracts as normal smart contracts receive by verifying their source code on a block explorer: gu
github_discussions,noir-lang/noir,[NRG#4] Developer Tools,2025-05-05,Savio-Sou,[NRG Request] Developer Tools | US$200k,https://github.com/orgs/noir-lang/discussions/8345,rsa; bls; bn254; bls12-381; commitment,"Noir set out as the universal language for Zero-Knowledge Proofs (ZKPs), rewriting the status quo of development barriers and unlocking intuitive access to performant cryptographic privacy for developers.    A robust set of developer tools is hence essential for Noir to shine its full glory, as the "
github_discussions,noir-lang/noir,[NRG#1] zkEmail,2025-05-03,wadesonghang,1,https://github.com/orgs/noir-lang/discussions/8331,,
github_discussions,noir-lang/noir,Q&A,2025-04-05,ihyunnam,How to obtain Noir circuit and witness in ACIR format?,https://github.com/orgs/noir-lang/discussions/7937,is there a; groth16,"Hi, I'm trying to prove a Noir circuit with Groth16. To do so, I need the Noir-compiled circuit in the ""acvm::acir::circuit::Circuit"" type and its witnesses in the ""acvm::acir::native_types::Witness"" type. I'm pretty sure this should be possible. However, I haven't been able to figure out how to do "
github_discussions,noir-lang/noir,Q&A,2025-04-02,ihyunnam,Nargo parallel execution,https://github.com/orgs/noir-lang/discussions/7892,,"Hi, I'm wondering whether nargo commands (using CLI) parallelize work across multiple cores and if not done automatically, whether it's possible to turn on the feature. I tested ""nargo execute"" on different numbers of cores and even though the work seems equally distributed across all cores, the amo"
github_discussions,noir-lang/noir,Q&A,2025-03-29,ihyunnam,Re: nargo execute. Is it possible to just generate witnesses without recompiling circuit?,https://github.com/orgs/noir-lang/discussions/7854,is there a,"Hi, I'm wondering if it's possible to _just_ generate witnesses (Prover.toml is already populated) without recompiling an already compiled circuit. I'm running `nargo compile` first which compiles the circuit and creates the _circuit_name.json_ file. Then, I want to make multiple proofs of the _same"
github_discussions,noir-lang/noir,[NRG#3] Semaphore,2025-03-10,Vishalkulkarni45,Semaphore in Noir,https://github.com/orgs/noir-lang/discussions/7647,library for; package for; ecdsa; poseidon; plonk; groth16; ultrahonk,"# Semaphore-Noir Grant    ## Summary   This proposal outlines plan to implement Semaphore in Noir, including a Noir circuit, SDK functionality for proof generation and verification, and updated Solidity contracts with UltraPlonk and UltraHonk verifiers. The implementation will be compatible with Sem"
github_discussions,noir-lang/noir,[NRG#3] Semaphore,2025-03-10,masaun,[NRG#3 Proposal] Semaphore v4 in Noir,https://github.com/orgs/noir-lang/discussions/7645,plonk,"## Summary    I aim to bring Semaphore v4 to Noir in order to increase the privacy-preserving ZK applications in Noir ecosystem.  For achieving the objective, I will implement the ZK circuits in Noir and the UltraPlonk verifier for Semaphore v4.  Also, I will implement Semaphore SDK by using the Noi"
github_discussions,noir-lang/noir,[NRG#3] Semaphore,2025-03-04,nikitamasych,Semaphore v.4 in Noir,https://github.com/orgs/noir-lang/discussions/7575,eddsa; poseidon; bn254; baby jubjub; ultrahonk; nullifier; verifier.sol,[Distributed Lab](https://distributedlab.com/) can develop the semaphore v.4 in Noir within one week.    ### Noir Circuit    Have primitives:    * Secret to Public Point on Baby JubJub - [noir-lang/eddsa](https://github.com/noir-lang/eddsa/blob/master/src/lib.nr#L52)  * Poseidon Hash - [noir_stdlib]
github_discussions,noir-lang/noir,[NRG#3] Semaphore,2025-02-26,MBelegris,[NRG#3 Proposal] Semaphore v4 in Noir,https://github.com/orgs/noir-lang/discussions/7534,package for; existing implementation; eddsa; poseidon; elgamal; aes; plonk; merkle proof; nullifier; commitment; verifier.sol,"## Title  Nethermind Research    ## Summary  This proposal details implementing semaphore circuits in Noir, updating smart contracts to use the Noir on-chain verifier and proof package. We will document, benchmark, and test the implementation, releasing it under the MIT license.    The semaphore cir"
github_discussions,noir-lang/noir,[NRG#3] Semaphore,2025-02-26,aleksandar-veljkovic,Noir Semaphore 3327,https://github.com/orgs/noir-lang/discussions/7532,aes; plonk; groth16; recursive proof,"# Noir Semaphore 3327  ## Summary  We aim to adapt Semaphore to Noir, utilizing Noir circuits and the PLONK verifier to enhance the ecosystem’s privacy-preserving capabilities. We will do this by using the NoirJS library and UltraPLONK backend for compiling the circuits and generating proofs.     Th"
github_discussions,noir-lang/noir,[NRG#3] Semaphore,2025-02-25,ewynx,HashCloak,https://github.com/orgs/noir-lang/discussions/7523,bls; poseidon; bls12-381; plonk; groth16; ultrahonk; verifier.sol,"# Summary    This proposal describes the roadmap to implement Semaphore in Noir within 2 months. This requires a Noir circuit, additional SDK functionality that does proof generation and proof verification for the Noir circuit, and additional versions of the Semaphore Solidity contract where verifie"
github_discussions,noir-lang/noir,[NRG#3] Semaphore,2025-02-24,0xmdh,Semaphore Implementation in Noir – WakeUp Labs,https://github.com/orgs/noir-lang/discussions/7504,merkle proof; recursive proof,"### Summary  **WakeUp Labs** proposes to develop **Semaphore in Noir**, a privacy-preserving identity management and anonymous signaling system for decentralized applications.     Our project will focus on:  - **Adapting Semaphore circuits to Noir** for scalable, privacy-preserving identity manageme"
github_discussions,noir-lang/noir,[NRG#3] Semaphore,2025-02-23,blueh4mster,[NRG Proposal] Semaphore v4 in Noir,https://github.com/orgs/noir-lang/discussions/7493,existing implementation; eddsa; elgamal; aes,"### Title:   Proposal for Semaphore v4 Implementation in Noir    ### Summary:  We propose an incremental approach towards implementing Semaphore v4 in Noir. We will start with implementing the semaphore circuit in noir. As for group and identity, we intend to reuse the existing implementation and ch"
github_discussions,noir-lang/noir,[NRG#3] Semaphore,2025-02-23,numtel,Semaphore in Noir,https://github.com/orgs/noir-lang/discussions/7492,is there a; existing implementation; elgamal; groth16; commitment; instead of,"**Summary:**    Hello,    I would like to submit a proposal for a port of Semaphore to Noir. I feel like my experience aligns perfectly with the project and I'm confident in my ability to deliver a high-quality result that follows the existing implementation as closely as possible.    **Team:**    J"
github_discussions,noir-lang/noir,[NRG#3] Semaphore,2025-02-21,qpzm,[NRG#3 Proposal] Semaphore v4 in Noir,https://github.com/orgs/noir-lang/discussions/7478,package for; eddsa; poseidon; plonk; halo2; ultrahonk; commitment; verifier.sol; on-chain verification,"## Summary    We propose implementing the Semaphore v4 proof system in Noir.    1. In the first week, we have created [a mvp repo](https://github.com/ModoriLabs/semaphore.nr) with [the semaphore circuit](https://github.com/ModoriLabs/semaphore.nr/blob/main/packages/semaphore/src/main.nr) and [the ho"
github_discussions,noir-lang/noir,[NRG#3] Semaphore,2025-02-19,andyguzmaneth,[NRG Request] Semaphore | US$20k,https://github.com/orgs/noir-lang/discussions/7442,nullifier; commitment; outdated,"Zero-Knowledge Proofs (ZKPs) unlock the ability for users to prove data with privacy, paving the foundation for privacy applications.    [Semaphore](https://github.com/semaphore-protocol/semaphore) leverages ZKPs as a development framework that has powered privacy-respecting applications on Ethereum"
github_discussions,noir-lang/noir,[NRG#2] Private Shared States,2024-11-10,Savio-Sou,Announcing NRG#2 Selected Proposals,https://github.com/orgs/noir-lang/discussions/6493,looking for; commitment,"## Overview    The NRG\#2 initiative orients around pushing the frontiers of cryptographic Private Shared States (PSS), and in turn innovative and valuable use cases once unachievable.    As a strong believer in the vision, [Aztec Labs](https://aztec-labs.com/) is sponsoring a total of $100,000 in g"
github_discussions,noir-lang/noir,[NRG#2] Private Shared States,2024-10-28,peersky,Verifiable DAO Governance built on Lit Powered Multi-Stage privacy Voting-Proposing Protocol,https://github.com/orgs/noir-lang/discussions/6369,on-chain verification,## **Verifiable DAO Governance built on Lit Powered Multi-Stage privacy Voting-Proposing Protocol**    **Summary:**    This proposal focuses on enhancing DAO governance with use of Noir by leveraging Trusted Execution Environments (TEEs) to ensure the integrity of a multi-stage voting process propos
github_discussions,noir-lang/noir,[NRG#2] Private Shared States,2024-10-25,pememoni,MIBZ: Multi-Identity-Based Encryption and Zero-Knowledge Proofs for Real-Time Encrypted Economies,https://github.com/orgs/noir-lang/discussions/6362,,**Title**  MIBZ: Multi-Identity-Based Encryption and Zero-Knowledge Proofs for Real-Time Encrypted Economies  **Summary**  This project proposes a novel cryptosystem that leverages Multi-Party Computation (MPC) and Zero-Knowledge Proofs (ZKPs) to unlock “Magic In-Between Zones”—enabling real-time en
github_discussions,noir-lang/noir,[NRG#2] Private Shared States,2024-10-25,unstealthy-hedgehog,[NRG#2 Proposal] Multiplayer games with shared map but private pieces,https://github.com/orgs/noir-lang/discussions/6359,commitment,"### Summary  An interesting mechanic of some multiplayer board games is the ability to execute strategies without revealing information about them until necessary. To do this, players must convince each other that their actions follow the game rules, while keeping them private. Some actions might ev"
github_discussions,noir-lang/noir,[NRG#2] Private Shared States,2024-10-25,wertikalk,zkDML: Zero Knowledge Distributed Machine Learning,https://github.com/orgs/noir-lang/discussions/6353,plonk,"## Summary    ### Problem Overview:    Various organizations, like medical institutions, schools, or corporate businesses own large amounts of data that is considered highly valuable for creating Machine Learning (ML) models. However, the nature of data, which may be sensitive personal data or corpo"
github_discussions,noir-lang/noir,[NRG#2] Private Shared States,2024-10-24,bunny-sleepy,PPP: Practical Privacy-Perserving ZKP Outsourcing via TEEs and 2PC,https://github.com/orgs/noir-lang/discussions/6343,kzg; plonk; commitment,"# Summary    We propose to design and develop **PPP (Practical Privacy-Perserving ZKP Outsourcing)**, a secure and efficient protocol for outsourcing zk-SNARK generation using Trusted Execution Environments (TEEs). PPP addresses the inefficiencies of current solutions (e.g., the use of heavy cryptog"
github_discussions,noir-lang/noir,[NRG#2] Private Shared States,2024-10-24,wadesonghang,zkSpin - Building a Decentralized Future for Privacy Games with Noir and MPC on Aztec,https://github.com/orgs/noir-lang/discussions/6336,,"# **Summary**    We aim to develop a decentralized, privacy-preserving poker game on the **Aztec** using **Noir** and **Multi-Party Computation (MPC)**. The primary goal is to maintain the privacy of players' hands while ensuring transparent gameplay for actions such as betting and determining winne"
github_discussions,noir-lang/noir,[NRG#2] Private Shared States,2024-10-23,miaoabcd,Singularity - Darkpool proposal with ZK (Noir-lang) and FHE,https://github.com/orgs/noir-lang/discussions/6320,schnorr; nullifier,"# Summary    In the world of financial trading, dark pools have emerged as a critical tool for traders seeking to execute large orders without revealing their intentions to the wider market. Traditional dark pools -- privately organised exchanges or forums -- allow institutions to transact away from"
github_discussions,noir-lang/noir,[NRG#2] Private Shared States,2024-10-22,ewynx,Publicly Verifiable & Private Collaborative ML Model Training,https://github.com/orgs/noir-lang/discussions/6317,ecdsa; rsa; bignum; plonk; halo2; outdated; instead of,"## Summary    Verifiable & Private Collaborative Machine Learning (ML) Model Training will allow multiple parties to jointly train machine learning models while maintaining the privacy of their datasets. In addition, a collaborative zero-knowledge proof of the computation is delivered, giving public"
github_discussions,noir-lang/noir,[NRG#2] Private Shared States,2024-10-17,vaughanlove,"Enigma Auctions: Privacy-Preserving Multi-Party Auctions with Noir, MPC and ZK-Verified Local Elo Scores",https://github.com/orgs/noir-lang/discussions/6294,,**Title:** Enigma Auctions: A Framework for Custom Privacy-Preserving Auctions using Noir and REP3 MPC    **Summary:**   Enigma Auctions is a framework that enables anyone to create custom privacy-preserving auctions using Noir circuits and TACEO's REP3 MPC protocol. The system allows auction creato
github_discussions,noir-lang/noir,[NRG#2] Private Shared States,2024-10-15,deryakarl,TLS2n (TLS Notary with Noir),https://github.com/orgs/noir-lang/discussions/6290,instead of,**Summary**:    An MVP of TLS2N would start by delivering a forked implementation of TLSNotary with an integration that allows for selective disclosure of attested TLS data that is evaluated within a noir circuit.    Using the very handy properties of recursive ZK proofs - this TLS2N proof could the
github_discussions,noir-lang/noir,[NRG#2] Private Shared States,2024-10-14,Savio-Sou,[NRG Request] Private Shared States with up to US$100k in Grants,https://github.com/orgs/noir-lang/discussions/6289,commitment,"Zero-Knowledge Proofs (ZKP) unlock the ability for users to compute over private data, but only on data they individually own.     Private shared states (PSS) can enable valuable use cases, such as brokers pairing dark pool orders, dating apps matching mutual interests, and game servers computing fo"
github_discussions,noir-lang/noir,General NRG,2024-09-04,Savio-Sou,What are Noir Research Grants?,https://github.com/orgs/noir-lang/discussions/5933,looking for,"Noir Research Grants (NRGs) are collectively an open platform for grassroot Noir research, where all are welcome to leverage it hosting Noir research initiatives.    All NRGs are hosted in public. You can find all past and currently running NRGs here in noir-lang's GitHub Discussions.    ---    If y"
github_discussions,noir-lang/noir,[NRG#1] zkEmail,2024-09-04,Savio-Sou,Announcing NCR#1 Selected Proposals,https://github.com/orgs/noir-lang/discussions/5932,looking for; commitment,"## Overview    The NCR#1 initiative orients around pushing the frontiers on privacy-first and provable emails, breaking data out of silos and in turn unlocking innovative use cases unachievable until now.    As a strong believer in the vision, [Aztec Labs](https://aztec-labs.com/) is sponsoring a to"
github_discussions,noir-lang/noir,[NRG#1] zkEmail,2024-08-29,Savio-Sou,Announcing NCR#1 Audit Partners,https://github.com/orgs/noir-lang/discussions/5863,looking for; commitment,"## Overview    The NCR#1 initiative orients around pushing the frontiers on privacy-first and provable emails, in turn unlocking new applications that uniquely leverage the technology and ultimately benefits end users.    In addition to offering $80,000 in grants towards the research and development"
github_discussions,noir-lang/noir,[NRG#1] zkEmail,2024-08-25,wakeuplabs,[NCR#1 Proposal] Trustless Open-Source Remuneration through zkEmail,https://github.com/orgs/noir-lang/discussions/5819,,"## **Summary**    Open-source contributors often face challenges in securing guaranteed monetary rewards even after resolving issues that have been pre-approved by organizations.    As observed in traditional bug bounty platforms like Code4Arena and open-source projects, developers may propose fixes"
github_discussions,noir-lang/noir,[NRG#1] zkEmail,2024-08-25,Fantoni0,[NCR#1 Proposal] zkEmail Implementation Nethermind's Application,https://github.com/orgs/noir-lang/discussions/5817,rsa; aes,"## **Title:** Zk-Email Implementation Proposal    ## **Summary**    This is a proposal to develop in Noir a version of [[zkemail.xyz](http://zkemail.xyz/)](http://zkemail.xyz) application. zk-email allows users to verifiably prove ownership of a particular email address. On a high level, this is don"
github_discussions,noir-lang/noir,[NRG#1] zkEmail,2024-08-25,gittysachin,[NCR#1 Proposal] TruthOracle: Modular ZK-Enhanced Crypto Prediction Market Resolver using zkEmail,https://github.com/orgs/noir-lang/discussions/5816,,"### **Summary:**  This proposal outlines the development of a modular prediction market platform built on [Berachain](https://docs.berachain.com/learn/), leveraging zkEmail authentication using Noir. Each feature of the platform will be built as a standalone module that can be used as an SDK in othe"
github_discussions,noir-lang/noir,[NRG#1] zkEmail,2024-08-25,mohammed7s,[NCR#1 Proposal] Regex.nr: A Noir Library for Compiling Regular Expression Circuits for Text Verification,https://github.com/orgs/noir-lang/discussions/5815,library for; existing implementation; halo2; ultrahonk,"## Summary  **Regex.nr** is a Noir library designed to compile zero-knowledge regular expression (zk-regex) circuits. This library facilitates the verification of string data within a zero-knowledge circuit, enabling privacy-preserving applications. Regex.nr is particularly valuable for applications"
github_discussions,noir-lang/noir,[NRG#1] zkEmail,2024-08-25,jp4g,[NCR#1 Proposal] Z-Imburse: Proactive Reimbursement for Crypto-Native Organizations,https://github.com/orgs/noir-lang/discussions/5814,library for; rsa; sha256; halo2; nullifier; commitment; instead of,# Z-Imburse: Proactive Reimbursement for Crypto-Native Organizations    ## Summary  ![image](https://hackmd.io/_uploads/rJpt7x_oA.png)    ![image](https://hackmd.io/_uploads/SkqBHediA.png)    ![image](https://hackmd.io/_uploads/ryirUxdoA.png)      Work in the crypto ecosystem often presents situatio
github_discussions,noir-lang/noir,[NRG#1] zkEmail,2024-08-24,0xorio,[NCR#1 Proposal] Safe Wallet Anonymous Email Management Module,https://github.com/orgs/noir-lang/discussions/5813,mimc; plonk; recursive proof,"## **Summary**    Our proposal introduces an innovative approach to **anonymous and secure multisig wallet management through email**, building upon the [Safe Anonymization Module](https://www.notion.so/1d2253bee3984ce7bccba19720c7410b?pvs=21) (SAM) developed by our team previously under a [SafeDAO "
github_discussions,noir-lang/noir,[NRG#1] zkEmail,2024-08-24,achab,[NCR#1 Proposal] DataMask: a CYC browser extension based on ZK Email programmable provenance,https://github.com/orgs/noir-lang/discussions/5812,kyc; zkml; instead of,"# Summary    In regulated industries, websites need to restrict access for specific users. For instance, web3 trading platforms might block U.S. residents, betting sites only allow adult, etc. These sites don’t need to know users' identities; they just need to verify that users meet legal requiremen"
github_discussions,noir-lang/noir,[NRG#1] zkEmail,2024-08-21,Alex-distributed-lab,[NCR#1 Proposal] zkEmail implementation + KYC (Know Your Community) tool,https://github.com/orgs/noir-lang/discussions/5781,rsa; sha256; kyc,"# Summary  First, we aim to build the zkEmail library in Noir and provide certain primitives to the language ecosystem, such as a regex mechanism tailored for ZK.     Secondly, based on the zkEmail solution, we are going to implement a tool for community driving. The logic is straightforward here:  "
github_discussions,noir-lang/noir,[NRG#1] zkEmail,2024-08-20,YashBit,[NCR#1 Proposal] Bountied WhistleBlowing Project with zkEmail & Noir,https://github.com/orgs/noir-lang/discussions/5769,rsa; halo2; kyc,"# Bountied WhistleBlowing Project with zkEmail & Noir    ### Summary:    In many cases, whistleblowers face significant threats, including legal repercussions, job loss, or personal harm, deterring them from coming forward with crucial information. Traditional channels for submitting tips or evidenc"
github_discussions,noir-lang/noir,[NRG#1] zkEmail,2024-08-20,ronykris,[NCR#1 Proposal] TxnProof: A financial transaction verification platform,https://github.com/orgs/noir-lang/discussions/5766,poseidon; oauth,"### **Summary:**    Studies show that around 61% of consumers are concerned about their financial data being shared without their consent​ ([RestorePrivacy](https://restoreprivacy.com/email/secure/)). Additionally, email-based transactions are particularly vulnerable, with 92% of malware delivered v"
github_discussions,noir-lang/noir,[NRG#1] zkEmail,2024-08-20,ronykris,TxnProof: Privacy-Preserving Financial Transaction verification platform.,https://github.com/orgs/noir-lang/discussions/5765,oauth,"*Summary:*  Studies show that around 61% of consumers are concerned about their financial data being shared without their consent​ ([RestorePrivacy](https://restoreprivacy.com/email/secure/)). Additionally, email-based transactions are particularly vulnerable, with 92% of malware delivered via email"
github_discussions,noir-lang/noir,[NRG#1] zkEmail,2024-08-19,YashBit,[NCR#1 Proposal] Better Craigslist with zkEmail and Aztec,https://github.com/orgs/noir-lang/discussions/5759,rsa; halo2; kyc,"#  **A Better Craigslist with ZK Email**    ## **Summary:**    Craigslist, established in 1995 by Craig Newmark, began as a local email distribution list in San Francisco and has since evolved into a globally recognized platform for classified ads. The site provides a range of services, from free ad"
github_discussions,noir-lang/noir,[NRG#1] zkEmail,2024-08-19,Savio-Sou,[NCR#1 Proposal] Sample Submission,https://github.com/orgs/noir-lang/discussions/5755,,"> **Note:** This is a sample submission to [NCR#1](https://github.com/orgs/noir-lang/discussions/5693), meant for demonstration only.    ## Summary    Once upon a time, the Noirwhal decided to mail its first mail.    ## Methodology    The Noirwhal shall swim to the central branch of Ocean Postal Off"
github_discussions,noir-lang/noir,[NRG#1] zkEmail,2024-08-18,YashBit,Better Craigslist for zk-Circuits for Noir,https://github.com/orgs/noir-lang/discussions/5749,,Noir Circuits
github_discussions,noir-lang/noir,Q&A,2024-08-13,liudi4046,nargo info circuit size,https://github.com/orgs/noir-lang/discussions/5713,,Is the circuit size printed by `nargo info` correspond to Barretenberg backend?
github_discussions,noir-lang/noir,[NRG#1] zkEmail,2024-08-07,Savio-Sou,[NCR#1 Request] zkEmail,https://github.com/orgs/noir-lang/discussions/5693,rsa; bignum; commitment,> Note: Noir Community Research (NCR) has been renamed to Noir Research Grants (NRG)    ## Overview    The advancement in [Programmable Cryptography](https://0xparc.org/blog/programmable-cryptography-1) and Zero-Knowledge Proofs has been gradually unlocking new potentials to break data out of silos.
github_discussions,noir-lang/noir,Ideas,2024-01-24,Savio-Sou,Submitting Feature Requests as GitHub Issues is recommended,https://github.com/orgs/noir-lang/discussions/4155,,"For leaner engineering workflows, feature requests for Noir are recommended to be raised as GitHub Issues: https://github.com/noir-lang/noir/issues/new/choose"
github_discussions,noir-lang/noir,Ideas,2023-12-13,kobyhallx,LSP Performance problems,https://github.com/orgs/noir-lang/discussions/3787,,"### Problem  LSP is slow to react to user actions when code base is bigger and few actions are requested at once. Eg.  User Saves `.nr` file quickly spotting it's own mistake and saving it again.  In such case LSP is starting few procedures trying to fulfil requests, actions associated with these ac"
github_discussions,noir-lang/noir,Ideas,2023-12-11,marekkirejczyk,Oracles,https://github.com/orgs/noir-lang/discussions/3767,,"### Problem    We would like to create an Ethereum History API library, which would allow developers to access Ethereum data from within Noir circuit. The library would verify data with storage proofs. Data would be then submitted on-chain.    To do so, we would like to leverage unconstrained functi"
github_discussions,noir-lang/noir,Ideas,2023-12-08,kobyhallx,Should IDE goto `std` source definitions,https://github.com/orgs/noir-lang/discussions/3722,,"### Problem  Should IDE plugin and `lsp` realize requests to jump to definitions/declarations/etc of `std` library?    We deliver this library ""embedded"".    ### Happy Case  IDE plugins understand a virtual file system (either on ide side or lsp side) and is able to open source of `std` library and "
github_discussions,noir-lang/noir,Ideas,2023-12-07,kobyhallx,Optimise interner's `find_location_index` to be more performant,https://github.com/orgs/noir-lang/discussions/3709,,### Problem  Optimise Location searching:  https://github.com/noir-lang/noir/blob/f904ae1065af74652b2111ea17b72f994de37472/compiler/noirc_frontend/src/node_interner.rs#L467-L477  as it is very expensive for bigger code bases.  ### Happy Case  We should represent locations in collection optimised for
github_discussions,noir-lang/noir,Ideas,2023-12-07,dmvict,[Tracking]: Reduce duplications in `nargo_cli` and get wasm-friendly parts,https://github.com/orgs/noir-lang/discussions/3704,,### Problem  I made some work with repo    The issue consists of two parts.     ===    First part is duplications in `nargo_cli` `cmd`'s  modules. I noticed that most of the `cmd`'s module  `run` methods have code:  ```rs      let toml_path = get_package_manifest(&config.program_dir)?;      let defa
github_discussions,noir-lang/noir,Ideas,2023-12-04,kobyhallx,Searching for Locations and Nodes is costly,https://github.com/orgs/noir-lang/discussions/3681,,### Problem    Scan for Ident location:  https://github.com/noir-lang/noir/blob/9a3d1d2cf647cd583344f8da122fed1acbca9397/compiler/noirc_frontend/src/node_interner.rs#L467-L477  is expensive in case of larger projects.    ### Happy Case    Node interner structure is optimised to allow find symbols mo
github_discussions,noir-lang/noir,Ideas,2023-11-23,Savio-Sou,Document the interfaces for proving backend integration,https://github.com/orgs/noir-lang/discussions/3553,,"### Problem    Since the monorepo'ing effort started, the Noir codebase is now larger than it ever has been.    It could be tricky and unintuitive for proving backend developers to find the correct code interfaces for how they could integrate their proving backends with Noir.    ### Happy Case    Ad"
github_discussions,noir-lang/noir,General,2023-11-23,Savio-Sou,"Focus of the ""Language Server"" doc page",https://github.com/orgs/noir-lang/discussions/3552,,"## Context    The [Noir Language Support VS Code Extension](https://marketplace.visualstudio.com/items?itemName=noir-lang.vscode-noir) is what Noir developers popularly use to help writing Noir code in VS Code.    The support of Language Server Protocol under the hood, meanwhile, is a generalized co"
github_discussions,noir-lang/noir,Ideas,2023-11-21,benesjan,`nargo fmt --check`,https://github.com/orgs/noir-lang/discussions/3519,,"### Problem  We would like to integrate `nargo fmt`  in CI in aztec-packages but to do that we would need to run `nargo fmt` in ""check-only mode"" (not modifying the files and just throwing instead).**  ### Happy Case  `nargo fmt --check` exits with exit code 1 when formatting issues are spotted.  ##"
github_discussions,noir-lang/noir,Q&A,2023-11-01,panos-xyz,Unconstrained Functions,https://github.com/orgs/noir-lang/discussions/3390,,"### Problem  I understand that in noir, uncertainty computation is similar to the hints function in Cairo. So, can it support functions like sqrt that are more circuit-efficient and convenient for deploying applications like Uniswap?  ### Happy Case    before:   ```      fn sqrt_test(u32 a) -> (u32)"
github_discussions,noir-lang/noir,Ideas,2023-10-27,critesjosh,Field Comparisons,https://github.com/orgs/noir-lang/discussions/3323,library for,"### Problem  Being able to compare Fields in Noir would be useful. I know you can use the BigUint library for the same functionality, but I expect that uses more gates.   ### Happy Case  I can compare large Field elements without using an external library.  ### Alternatives Considered  _No response_"
github_discussions,noir-lang/noir,Ideas,2023-10-27,critesjosh,Noir LSP often crashes with minor syntax errors,https://github.com/orgs/noir-lang/discussions/3321,,"### Problem  It is easy to make the Noir LSP crash. A missing curly brace will do it and it requires a window refresh to get it going again.    Will the nargo formatter help with this? Anything else we can/should do to improve the devex here?  ### Happy Case  Noir LSP doesn't crash, or auto formats "
github_discussions,noir-lang/noir,Ideas,2023-10-13,signorecello,Constrain noir versions in Nargo.toml,https://github.com/orgs/noir-lang/discussions/3140,,"### Problem  Different Noir versions produce different results.    So, people cloning repos always have to watch out for the Noir version the repo was built with. And people writing repos always have to say “use Noir 0.xx”  ### Happy Case  Having a nargo version property in Nargo.toml that would war"
github_discussions,noir-lang/noir,Ideas,2023-10-13,SleepingShell,Allow indexing arrays by a range,https://github.com/orgs/noir-lang/discussions/3139,,"### Problem    Enable indexing of arrays by ranges such as in [Rust](https://doc.rust-lang.org/std/ops/struct.Range.html).    It would also be useful to assign with ranges.    ### Happy Case    ```rust  let x = [1,2,3, 4];  assert(x[0..2] == [1,2]);  assert(x[1..3] == [2,3]);  assert(x[2..] == [3,4]"
github_discussions,noir-lang/noir,Ideas,2023-10-11,critesjosh,Consider adding a Rust vs Noir comparison section to docs,https://github.com/orgs/noir-lang/discussions/3112,,"### Problem  Noir is heavily inspired by Rust. It has many of the same language features, but it is also missing many.    The features of Noir are changing quickly and the differences are probably vast. Something like this may not be worth it, but is at least worth considering.  ### Happy Case  Some"
github_discussions,noir-lang/noir,Ideas,2023-10-10,critesjosh,Friendly error messaging for improper dependency imports,https://github.com/orgs/noir-lang/discussions/3073,,"### Problem  I was missing a trailing slash in the git import of the value note library:    `value_note = { git=""https://github.com/AztecProtocol/aztec-packages"", tag=""aztec-packages-v0.8.7"", directory=""yarn-project/aztec-nr/value-note"" }`    I tried to compile and it gave me 200+ errors without tel"
github_discussions,noir-lang/noir,Ideas,2023-10-10,guipublic,Handle warnings in SSA,https://github.com/orgs/noir-lang/discussions/3072,instead of,"### Problem  SSA codegen/acirgen can generate errors, for instance it can detect index out-of-bounds, failing constraint, division by zero,..  The error is then properly reported to the user.  However, it cannot returns a warning instead of an error, because errors and warnings are handled but rust "
github_discussions,noir-lang/noir,Ideas,2023-10-09,critesjosh,Nargo should print more info when downloading data during first compile,https://github.com/orgs/noir-lang/discussions/3055,,"### Problem  When people are compiling their first Noir program, it will take longer because they have to download some data. This took 7 mins by one user report. `nargo` could print info about what is going on during this step to reduce confusion.  ### Happy Case  `nargo` shows a download progress "
github_discussions,noir-lang/noir,Ideas,2023-10-05,critesjosh,Omit `--name` flag with `nargo init`,https://github.com/orgs/noir-lang/discussions/3003,instead of,### Problem  Can we just do `nargo init [name]` instead of requiring `nargo init --name [name]`? Its a bit more intuitive and easier to type. Not sure if there are any downsides.  ### Happy Case  It's easier to create a Noir project.  ### Alternatives Considered  _No response_  ### Additional Contex
github_discussions,noir-lang/noir,Ideas,2023-10-03,cruzdanilo,feature request: binary literals,https://github.com/orgs/noir-lang/discussions/2974,,"### Problem  binary literals are currently not supported by noir. it would be nice to have this feature, following rust integer literals (https://doc.rust-lang.org/rust-by-example/primitives/literals.html)  ### Happy Case  ```rust  let index = 0b00110110;  ```  ### Alternatives Considered  _No respo"
github_discussions,noir-lang/noir,Ideas,2023-10-02,signorecello,Add a `noir.destroy()` method to `noir_js`,https://github.com/orgs/noir-lang/discussions/2944,,### Problem  We're allocating resources everytime we call `noir.init()`. These will build up specially if state isn't managed correctly in the frontend.  ### Happy Case  Add a noir.destroy() to shut down the backend to avoid using too many resources. This essentially will just call the upstream `bac
github_discussions,noir-lang/noir,Ideas,2023-10-02,signorecello,Options object for the Noir class,https://github.com/orgs/noir-lang/discussions/2943,,"### Problem  Not a problem, just a devex suggestion to keep everything nice and tidy while allowing experienced devs to unleash some Noir superpowers:    Add an “options” object to the Noir construtor, like `new Noir(backend, circuit, { numThreads: 4 })`. This allows to pass options such as `numThre"
github_discussions,noir-lang/noir,Ideas,2023-10-01,(deleted),Lossless Parser,https://github.com/orgs/noir-lang/discussions/2923,,"### Problem  The current parser generates an Abstract Syntax Tree (AST) and ignores trivial elements such as comments and whitespaces, which adversely affects the formatter's ability to retain the original code formatting during analysis and manipulation. To solve this problem, one could develop a l"
github_discussions,noir-lang/noir,Ideas,2023-09-29,kevaundray,Rename noir_js-types to be noir_js-backend-types,https://github.com/orgs/noir-lang/discussions/3226,,### Problem  This is a tracking issue for:    - https://github.com/noir-lang/noir/pull/2893#discussion_r1341285326  - https://github.com/noir-lang/noir/pull/2893#discussion_r1341285611  ### Happy Case  Solve those issues  ### Alternatives Considered  _No response_  ### Additional Context  _No respon
github_discussions,noir-lang/noir,Ideas,2023-09-15,Savio-Sou,Ensure proving backend(s) <> Nargo installed is compatible,https://github.com/orgs/noir-lang/discussions/2709,rsa; outdated,"### Problems    #### Ambiguous incompatibility error message    When users attempt to use Nargo with an incompatible version of proving backend (incompatibility due to an outdated local install for example), they would currently be prompted with:  ```  % nargo info  Error: The backend encountered an"
github_discussions,noir-lang/noir,Ideas,2023-09-15,kevaundray,Add documentation generator,https://github.com/orgs/noir-lang/discussions/2710,,### Problem    Similar to rust-doc it would be helpful if Noir could have doc comments and a way for those to be exported such that they can be ingested by other tools.    ### To-do    - Investigate the different ways to have something akin to rust-docs/doxygen
github_discussions,noir-lang/noir,Ideas,2023-09-14,signorecello,Document noirup versions,https://github.com/orgs/noir-lang/discussions/2698,,### Problem  People don't know noirup can target specific versions and commits  ### Happy Case  Document it  ### Alternatives Considered  _No response_  ### Additional Context  _No response_  ### Would you like to submit a PR for this Issue?  No  ### Support Needs  _No response_
github_discussions,noir-lang/noir,Ideas,2023-09-14,Savio-Sou,Test noir-starter in Noir CI,https://github.com/orgs/noir-lang/discussions/2691,,"### Problem    For browser compatibility, we currently test [compile_prove_verify.test.ts](https://github.com/noir-lang/noir/blob/1b4823ec1aebb83072db740fb53fbc8c40584c33/compiler/integration-tests/test/integration/browser/compile_prove_verify.test.ts) in headless browsers on releases.    Meanwhile,"
github_discussions,noir-lang/noir,Ideas,2023-09-14,Savio-Sou,Extend browser integration-tests to cover verification with Solidity verifier,https://github.com/orgs/noir-lang/discussions/2690,,### Problem    The current [compile_prove_verify.test.ts](https://github.com/noir-lang/noir/blob/1b4823ec1aebb83072db740fb53fbc8c40584c33/compiler/integration-tests/test/integration/browser/compile_prove_verify.test.ts) headless browser test covers:  1. Compilation  2. Execution  3. Proving with bb.
github_discussions,noir-lang/noir,Ideas,2023-08-28,(deleted),add turbofish-like syntax,https://github.com/orgs/noir-lang/discussions/3413,,"### Problem  In Rust, the ""turbofish"" syntax (`::<>`) allows users to explicitly specify generic type parameters in function calls. This feature has proven to be useful for disambiguating type inference in certain scenarios.  ### Happy Case  ```rust  fn main() {      let mut slice = [];      slice ="
github_discussions,noir-lang/noir,Ideas,2023-08-18,Maddiaa0,feat(attributes): Allow for custom attributes,https://github.com/orgs/noir-lang/discussions/3412,,"### Problem    In my perfect world, noir would support for macros, a way to get there is to allow for arbitrary attibutes names that are not restricted to some built in functionality like blackbox or oracle calls.     e.g.  ```rust  #[some_macro]  fn this_function_is_transformed_into_a_macro() {    "
github_discussions,noir-lang/noir,Ideas,2023-08-10,Ethan-000,Proposal: modify nargo to support third party plugins like cargo,https://github.com/orgs/noir-lang/discussions/3383,halo2,### Problem    Support third party plugins so nargo functionalities can be extended by the community without requiring the nargo team to maintain everything    more on this here https://github.com/rust-lang/cargo/wiki/Third-party-cargo-subcommands    related to https://github.com/noir-lang/noir/issu
github_discussions,noir-lang/noir,Q&A,2023-07-22,skaunov,Regression issue?,https://github.com/orgs/noir-lang/discussions/2002,,"I'm very new and going through <https://noir-by-example.org/examples/comptime/>. This particular one gave unexpected result, and I'm a bit lost where it's better to report among repos.    ```noir  fn main() -> pub Field {      let known_at_compile_time: comptime Field = 1;        // let inferred_kno"
github_discussions,noir-lang/noir,General,2021-03-25,kevaundray,Welcome to noir Discussions!,https://github.com/orgs/noir-lang/discussions/35,rsa,<!--      ✏️ Optional: Customize the content below to let your community know what you intend to use Discussions for.  -->  ## 👋 Welcome!    We’re using Discussions as a place to connect with other members of our community. We hope that you:    * Ask questions you’re wondering about.    * Share idea
